productId,title,category,description
1,Home Product 1,Home,"Home premium product. Best for home lovers. Quality home, durable and value."
2,Electronics Product 2,Electronics,"Electronics premium product. Best for electronics lovers. Quality electronics, durable and value."
3,Beauty Product 3,Beauty,"Beauty premium product. Best for beauty lovers. Quality beauty, durable and value."
4,Books Product 4,Books,"Books premium product. Best for books lovers. Quality books, durable and value."
5,Books Product 5,Books,"Books premium product. Best for books lovers. Quality books, durable and value."
6,Sports Product 6,Sports,"Sports premium product. Best for sports lovers. Quality sports, durable and value."
7,Home Product 7,Home,"Home premium product. Best for home lovers. Quality home, durable and value."
8,Home Product 8,Home,"Home premium product. Best for home lovers. Quality home, durable and value."
9,Clothing Product 9,Clothing,"Clothing premium product. Best for clothing lovers. Quality clothing, durable and value."
10,Electronics Product 10,Electronics,"Electronics premium product. Best for electronics lovers. Quality electronics, durable and value."
11,Electronics Product 11,Electronics,"Electronics premium product. Best for electronics lovers. Quality electronics, durable and value."
12,Home Product 12,Home,"Home premium product. Best for home lovers. Quality home, durable and value."
13,Books Product 13,Books,"Books premium product. Best for books lovers. Quality books, durable and value."
14,Books Product 14,Books,"Books premium product. Best for books lovers. Quality books, durable and value."
15,Electronics Product 15,Electronics,"Electronics premium product. Best for electronics lovers. Quality electronics, durable and value."
16,Books Product 16,Books,"Books premium product. Best for books lovers. Quality books, durable and value."
17,Clothing Product 17,Clothing,"Clothing premium product. Best for clothing lovers. Quality clothing, durable and value."
18,Books Product 18,Books,"Books premium product. Best for books lovers. Quality books, durable and value."
19,Grocery Product 19,Grocery,"Grocery premium product. Best for grocery lovers. Quality grocery, durable and value."
20,Beauty Product 20,Beauty,"Beauty premium product. Best for beauty lovers. Quality beauty, durable and value."
21,Electronics Product 21,Electronics,"Electronics premium product. Best for electronics lovers. Quality electronics, durable and value."
22,Sports Product 22,Sports,"Sports premium product. Best for sports lovers. Quality sports, durable and value."
23,Clothing Product 23,Clothing,"Clothing premium product. Best for clothing lovers. Quality clothing, durable and value."
24,Toys Product 24,Toys,"Toys premium product. Best for toys lovers. Quality toys, durable and value."
25,Beauty Product 25,Beauty,"Beauty premium product. Best for beauty lovers. Quality beauty, durable and value."
26,Sports Product 26,Sports,"Sports premium product. Best for sports lovers. Quality sports, durable and value."
27,Books Product 27,Books,"Books premium product. Best for books lovers. Quality books, durable and value."
28,Toys Product 28,Toys,"Toys premium product. Best for toys lovers. Quality toys, durable and value."
29,Home Product 29,Home,"Home premium product. Best for home lovers. Quality home, durable and value."
30,Home Product 30,Home,"Home premium product. Best for home lovers. Quality home, durable and value."
31,Clothing Product 31,Clothing,"Clothing premium product. Best for clothing lovers. Quality clothing, durable and value."
32,Home Product 32,Home,"Home premium product. Best for home lovers. Quality home, durable and value."
33,Toys Product 33,Toys,"Toys premium product. Best for toys lovers. Quality toys, durable and value."
34,Toys Product 34,Toys,"Toys premium product. Best for toys lovers. Quality toys, durable and value."
35,Beauty Product 35,Beauty,"Beauty premium product. Best for beauty lovers. Quality beauty, durable and value."
36,Electronics Product 36,Electronics,"Electronics premium product. Best for electronics lovers. Quality electronics, durable and value."
37,Grocery Product 37,Grocery,"Grocery premium product. Best for grocery lovers. Quality grocery, durable and value."
38,Home Product 38,Home,"Home premium product. Best for home lovers. Quality home, durable and value."
39,Clothing Product 39,Clothing,"Clothing premium product. Best for clothing lovers. Quality clothing, durable and value."
40,Home Product 40,Home,"Home premium product. Best for home lovers. Quality home, durable and value."
41,Beauty Product 41,Beauty,"Beauty premium product. Best for beauty lovers. Quality beauty, durable and value."
42,Toys Product 42,Toys,"Toys premium product. Best for toys lovers. Quality toys, durable and value."
43,Books Product 43,Books,"Books premium product. Best for books lovers. Quality books, durable and value."
44,Home Product 44,Home,"Home premium product. Best for home lovers. Quality home, durable and value."
45,Electronics Product 45,Electronics,"Electronics premium product. Best for electronics lovers. Quality electronics, durable and value."
46,Books Product 46,Books,"Books premium product. Best for books lovers. Quality books, durable and value."
47,Beauty Product 47,Beauty,"Beauty premium product. Best for beauty lovers. Quality beauty, durable and value."
48,Home Product 48,Home,"Home premium product. Best for home lovers. Quality home, durable and value."
49,Books Product 49,Books,"Books premium product. Best for books lovers. Quality books, durable and value."
50,Home Product 50,Home,"Home premium product. Best for home lovers. Quality home, durable and value."
51,Clothing Product 51,Clothing,"Clothing premium product. Best for clothing lovers. Quality clothing, durable and value."
52,Beauty Product 52,Beauty,"Beauty premium product. Best for beauty lovers. Quality beauty, durable and value."
53,Grocery Product 53,Grocery,"Grocery premium product. Best for grocery lovers. Quality grocery, durable and value."
54,Toys Product 54,Toys,"Toys premium product. Best for toys lovers. Quality toys, durable and value."
55,Sports Product 55,Sports,"Sports premium product. Best for sports lovers. Quality sports, durable and value."
56,Toys Product 56,Toys,"Toys premium product. Best for toys lovers. Quality toys, durable and value."
57,Toys Product 57,Toys,"Toys premium product. Best for toys lovers. Quality toys, durable and value."
58,Books Product 58,Books,"Books premium product. Best for books lovers. Quality books, durable and value."
59,Beauty Product 59,Beauty,"Beauty premium product. Best for beauty lovers. Quality beauty, durable and value."
60,Home Product 60,Home,"Home premium product. Best for home lovers. Quality home, durable and value."
61,Sports Product 61,Sports,"Sports premium product. Best for sports lovers. Quality sports, durable and value."
62,Books Product 62,Books,"Books premium product. Best for books lovers. Quality books, durable and value."
63,Sports Product 63,Sports,"Sports premium product. Best for sports lovers. Quality sports, durable and value."
64,Grocery Product 64,Grocery,"Grocery premium product. Best for grocery lovers. Quality grocery, durable and value."
65,Clothing Product 65,Clothing,"Clothing premium product. Best for clothing lovers. Quality clothing, durable and value."
66,Beauty Product 66,Beauty,"Beauty premium product. Best for beauty lovers. Quality beauty, durable and value."
67,Books Product 67,Books,"Books premium product. Best for books lovers. Quality books, durable and value."
68,Toys Product 68,Toys,"Toys premium product. Best for toys lovers. Quality toys, durable and value."
69,Electronics Product 69,Electronics,"Electronics premium product. Best for electronics lovers. Quality electronics, durable and value."
70,Books Product 70,Books,"Books premium product. Best for books lovers. Quality books, durable and value."
71,Electronics Product 71,Electronics,"Electronics premium product. Best for electronics lovers. Quality electronics, durable and value."
72,Toys Product 72,Toys,"Toys premium product. Best for toys lovers. Quality toys, durable and value."
73,Clothing Product 73,Clothing,"Clothing premium product. Best for clothing lovers. Quality clothing, durable and value."
74,Beauty Product 74,Beauty,"Beauty premium product. Best for beauty lovers. Quality beauty, durable and value."
75,Home Product 75,Home,"Home premium product. Best for home lovers. Quality home, durable and value."
76,Books Product 76,Books,"Books premium product. Best for books lovers. Quality books, durable and value."
77,Toys Product 77,Toys,"Toys premium product. Best for toys lovers. Quality toys, durable and value."
78,Books Product 78,Books,"Books premium product. Best for books lovers. Quality books, durable and value."
79,Grocery Product 79,Grocery,"Grocery premium product. Best for grocery lovers. Quality grocery, durable and value."
80,Clothing Product 80,Clothing,"Clothing premium product. Best for clothing lovers. Quality clothing, durable and value."
81,Grocery Product 81,Grocery,"Grocery premium product. Best for grocery lovers. Quality grocery, durable and value."
82,Sports Product 82,Sports,"Sports premium product. Best for sports lovers. Quality sports, durable and value."
83,Beauty Product 83,Beauty,"Beauty premium product. Best for beauty lovers. Quality beauty, durable and value."
84,Sports Product 84,Sports,"Sports premium product. Best for sports lovers. Quality sports, durable and value."
85,Books Product 85,Books,"Books premium product. Best for books lovers. Quality books, durable and value."
86,Beauty Product 86,Beauty,"Beauty premium product. Best for beauty lovers. Quality beauty, durable and value."
87,Clothing Product 87,Clothing,"Clothing premium product. Best for clothing lovers. Quality clothing, durable and value."
88,Clothing Product 88,Clothing,"Clothing premium product. Best for clothing lovers. Quality clothing, durable and value."
89,Toys Product 89,Toys,"Toys premium product. Best for toys lovers. Quality toys, durable and value."
90,Books Product 90,Books,"Books premium product. Best for books lovers. Quality books, durable and value."
91,Sports Product 91,Sports,"Sports premium product. Best for sports lovers. Quality sports, durable and value."
92,Grocery Product 92,Grocery,"Grocery premium product. Best for grocery lovers. Quality grocery, durable and value."
93,Home Product 93,Home,"Home premium product. Best for home lovers. Quality home, durable and value."
94,Electronics Product 94,Electronics,"Electronics premium product. Best for electronics lovers. Quality electronics, durable and value."
95,Home Product 95,Home,"Home premium product. Best for home lovers. Quality home, durable and value."
96,Sports Product 96,Sports,"Sports premium product. Best for sports lovers. Quality sports, durable and value."
97,Sports Product 97,Sports,"Sports premium product. Best for sports lovers. Quality sports, durable and value."
98,Clothing Product 98,Clothing,"Clothing premium product. Best for clothing lovers. Quality clothing, durable and value."
99,Home Product 99,Home,"Home premium product. Best for home lovers. Quality home, durable and value."
100,Clothing Product 100,Clothing,"Clothing premium product. Best for clothing lovers. Quality clothing, durable and value."
101,Clothing Product 101,Clothing,"Clothing premium product. Best for clothing lovers. Quality clothing, durable and value."
102,Grocery Product 102,Grocery,"Grocery premium product. Best for grocery lovers. Quality grocery, durable and value."
103,Beauty Product 103,Beauty,"Beauty premium product. Best for beauty lovers. Quality beauty, durable and value."
104,Electronics Product 104,Electronics,"Electronics premium product. Best for electronics lovers. Quality electronics, durable and value."
105,Home Product 105,Home,"Home premium product. Best for home lovers. Quality home, durable and value."
106,Beauty Product 106,Beauty,"Beauty premium product. Best for beauty lovers. Quality beauty, durable and value."
107,Toys Product 107,Toys,"Toys premium product. Best for toys lovers. Quality toys, durable and value."
108,Home Product 108,Home,"Home premium product. Best for home lovers. Quality home, durable and value."
109,Beauty Product 109,Beauty,"Beauty premium product. Best for beauty lovers. Quality beauty, durable and value."
110,Clothing Product 110,Clothing,"Clothing premium product. Best for clothing lovers. Quality clothing, durable and value."
111,Sports Product 111,Sports,"Sports premium product. Best for sports lovers. Quality sports, durable and value."
112,Grocery Product 112,Grocery,"Grocery premium product. Best for grocery lovers. Quality grocery, durable and value."
113,Electronics Product 113,Electronics,"Electronics premium product. Best for electronics lovers. Quality electronics, durable and value."
114,Beauty Product 114,Beauty,"Beauty premium product. Best for beauty lovers. Quality beauty, durable and value."
115,Sports Product 115,Sports,"Sports premium product. Best for sports lovers. Quality sports, durable and value."
116,Home Product 116,Home,"Home premium product. Best for home lovers. Quality home, durable and value."
117,Beauty Product 117,Beauty,"Beauty premium product. Best for beauty lovers. Quality beauty, durable and value."
118,Books Product 118,Books,"Books premium product. Best for books lovers. Quality books, durable and value."
119,Sports Product 119,Sports,"Sports premium product. Best for sports lovers. Quality sports, durable and value."
120,Toys Product 120,Toys,"Toys premium product. Best for toys lovers. Quality toys, durable and value."
